Id,Diagnostic_Machine__c
a0VQ800000Kkk17MAB,a0JQ8000005cgTBMAY
a0VQ800000M1qmHMAR,a0JQ8000005zorVMAQ
a0VQ800000M1qmIMAR,a0JQ8000005zorZMAQ
a0VQ800000M1qmJMAR,a0JQ8000005zordMAA
a0VQ800000M1qmKMAR,a0JQ8000005zoreMAA
a0VQ800000M1qmLMAR,a0JQ8000005zoriMAA
a0VQ800000M1qmMMAR,a0JQ8000005zorlMAA
a0VQ800000M1qmNMAR,a0JQ8000005zorqMAA
a0VQ800000M1qmOMAR,a0JQ8000005zorrMAA
a0VQ800000M1qmPMAR,a0JQ8000005zoryMAA
a0VQ800000M1qmQMAR,a0JQ8000005zorzMAA
a0VQ800000M1qmRMAR,a0JQ8000005zos4MAA
a0VQ800000M1qmSMAR,a0JQ8000005zos5MAA
a0VQ800000M1qmTMAR,a0JQ8000005zos6MAA
a0VQ800000M1qmUMAR,a0JQ8000005zos7MAA
a0VQ800000M1qmVMAR,a0JQ8000005zos8MAA
a0VQ800000M1qmWMAR,a0JQ8000005zos9MAA
a0VQ800000M1qmXMAR,a0JQ8000005zosAMAQ
a0VQ800000M1qmYMAR,a0JQ8000005zosBMAQ
a0VQ800000M1qmZMAR,a0JQ8000005zosHMAQ
a0VQ800000M1qmaMAB,a0JQ8000005zorpMAA
a0VQ800000M1qmbMAB,a0JQ8000005zosJMAQ
a0VQ800000M1qmcMAB,a0JQ8000005zosLMAQ
a0VQ800000M1qmdMAB,a0JQ8000005zosTMAQ
a0VQ800000M1qmeMAB,a0JQ8000005zosUMAQ
a0VQ800000M1qmfMAB,a0JQ8000005zosgMAA
a0VQ800000M1qmgMAB,a0JQ8000005zoshMAA
a0VQ800000M1qmhMAB,a0JQ8000005zosiMAA
a0VQ800000M1qmiMAB,a0JQ8000005zotEMAQ
a0VQ800000M1qzXMAR,a0JQ8000005zorRMAQ
a0VQ800000M1qzYMAR,a0JQ8000005zorSMAQ
a0VQ800000M1qzZMAR,a0JQ8000005zorTMAQ
a0VQ800000M1qzaMAB,a0JQ8000005zorUMAQ
a0VQ800000M1qzbMAB,a0JQ8000005zorWMAQ
a0VQ800000M1qzcMAB,a0JQ8000005zorXMAQ
a0VQ800000M1qzdMAB,a0JQ8000005zorYMAQ
a0VQ800000M1qzeMAB,a0JQ8000005zoraMAA
a0VQ800000M1qzfMAB,a0JQ8000005zorbMAA
a0VQ800000M1qzgMAB,a0JQ8000005zorcMAA
a0VQ800000M1qzhMAB,a0JQ8000005zorfMAA
a0VQ800000M1qziMAB,a0JQ8000005zorgMAA
a0VQ800000M1qzjMAB,a0JQ8000005zorhMAA
a0VQ800000M1qzkMAB,a0JQ8000005zorjMAA
a0VQ800000M1qzlMAB,a0JQ8000005zorkMAA
a0VQ800000M1qzmMAB,a0JQ8000005zormMAA
a0VQ800000M1qznMAB,a0JQ8000005zornMAA
a0VQ800000M1qzoMAB,a0JQ8000005zoroMAA
a0VQ800000M1qzpMAB,a0JQ8000005zorpMAA
a0VQ800000M1qzqMAB,a0JQ8000005zorsMAA
a0VQ800000M1qzrMAB,a0JQ8000005zortMAA
a0VQ800000M1qzsMAB,a0JQ8000005zoruMAA
a0VQ800000M1qztMAB,a0JQ8000005zorvMAA
a0VQ800000M1qzuMAB,a0JQ8000005zorwMAA
a0VQ800000M1qzvMAB,a0JQ8000005zorxMAA
a0VQ800000M1qzwMAB,a0JQ8000005zos0MAA
a0VQ800000M1qzxMAB,a0JQ8000005zos1MAA
a0VQ800000M1qzyMAB,a0JQ8000005zos2MAA
a0VQ800000M1qzzMAB,a0JQ8000005zos3MAA
a0VQ800000M1r00MAB,a0JQ8000005zosCMAQ
a0VQ800000M1r01MAB,a0JQ8000005zosDMAQ
a0VQ800000M1r02MAB,a0JQ8000005zosEMAQ
a0VQ800000M1r03MAB,a0JQ8000005zosFMAQ
a0VQ800000M1r04MAB,a0JQ8000005zosGMAQ
a0VQ800000M1r05MAB,a0JQ8000005zosIMAQ
a0VQ800000M1r06MAB,a0JQ8000005zosKMAQ
a0VQ800000M1r07MAB,a0JQ8000005zosMMAQ
a0VQ800000M1r08MAB,a0JQ8000005zosNMAQ
a0VQ800000M1r09MAB,a0JQ8000005zosOMAQ
a0VQ800000M1r0AMAR,a0JQ8000005zosPMAQ
a0VQ800000M1r0BMAR,a0JQ8000005zosQMAQ
a0VQ800000M1r0CMAR,a0JQ8000005zosRMAQ
a0VQ800000M1r0DMAR,a0JQ8000005zosSMAQ
a0VQ800000M1r0EMAR,a0JQ8000005zosVMAQ
a0VQ800000M1r0FMAR,a0JQ8000005zosWMAQ
a0VQ800000M1r0GMAR,a0JQ8000005zosXMAQ
a0VQ800000M1r0HMAR,a0JQ8000005zosYMAQ
a0VQ800000M1r0IMAR,a0JQ8000005zosZMAQ
a0VQ800000M1r0JMAR,a0JQ8000005zosaMAA
a0VQ800000M1r0KMAR,a0JQ8000005zosbMAA
a0VQ800000M1r0LMAR,a0JQ8000005zoscMAA
a0VQ800000M1r0MMAR,a0JQ8000005zosdMAA
a0VQ800000M1r0NMAR,a0JQ8000005zoseMAA
a0VQ800000M1r0OMAR,a0JQ8000005zosfMAA
a0VQ800000M1r0PMAR,a0JQ8000005zosjMAA
a0VQ800000M1r0QMAR,a0JQ8000005zoskMAA
a0VQ800000M1r0RMAR,a0JQ8000005zoslMAA
a0VQ800000M1r0SMAR,a0JQ8000005zosmMAA
a0VQ800000M1r0TMAR,a0JQ8000005zosnMAA
a0VQ800000M1r0UMAR,a0JQ8000005zosoMAA
a0VQ800000M1r0VMAR,a0JQ8000005zospMAA
a0VQ800000M1r0WMAR,a0JQ8000005zosqMAA
a0VQ800000M1r0XMAR,a0JQ8000005zorqMAA
a0VQ800000M1r0YMAR,a0JQ8000005zosrMAA
a0VQ800000M1r0ZMAR,a0JQ8000005zossMAA
a0VQ800000M1r0aMAB,a0JQ8000005zostMAA
a0VQ800000M1r0bMAB,a0JQ8000005zosuMAA
a0VQ800000M1r0cMAB,a0JQ8000005zoswMAA
a0VQ800000M1r0dMAB,a0JQ8000005zosxMAA
a0VQ800000M1r0eMAB,a0JQ8000005zosyMAA
a0VQ800000M1r0fMAB,a0JQ8000005zoszMAA
a0VQ800000M1r0gMAB,a0JQ8000005zot0MAA
a0VQ800000M1r0hMAB,a0JQ8000005zot1MAA
a0VQ800000M1r0iMAB,a0JQ8000005zos5MAA
a0VQ800000M1r0jMAB,a0JQ8000005zot2MAA
a0VQ800000M1r0kMAB,a0JQ8000005zot3MAA
a0VQ800000M1r0lMAB,a0JQ8000005zot4MAA
a0VQ800000M1r0mMAB,a0JQ8000005zot5MAA
a0VQ800000M1r0nMAB,a0JQ8000005zot6MAA
a0VQ800000M1r0oMAB,a0JQ8000005zot7MAA
a0VQ800000M1r0pMAB,a0JQ8000005zot8MAA
a0VQ800000M1r0qMAB,a0JQ8000005zot9MAA
a0VQ800000M1r0rMAB,a0JQ8000005zotAMAQ
a0VQ800000M1r0sMAB,a0JQ8000005zotBMAQ
a0VQ800000M1r0tMAB,a0JQ8000005zotCMAQ
a0VQ800000M1r0uMAB,a0JQ8000005zotDMAQ
a0VQ800000M1r0vMAB,a0JQ8000005zotEMAQ
a0VQ800000M1r0wMAB,a0JQ8000005zotFMAQ
a0VQ800000M1r0xMAB,a0JQ8000005zotGMAQ
a0VQ800000M1r0yMAB,a0JQ8000005zotHMAQ
a0VQ800000M1r0zMAB,a0JQ8000005zotIMAQ
a0VQ800000M1r10MAB,a0JQ8000005zotJMAQ
a0VQ800000M1r11MAB,a0JQ8000005zotKMAQ
a0VQ800000M1r12MAB,a0JQ8000005zotLMAQ
a0VQ800000M1r13MAB,a0JQ8000005zotMMAQ
a0VQ800000M1r14MAB,a0JQ8000005zotNMAQ
a0VQ800000M1r15MAB,a0JQ8000005zotOMAQ
a0VQ800000M1r16MAB,a0JQ8000005zotPMAQ
a0VQ800000M1r17MAB,a0JQ8000005zotQMAQ
a0VQ800000M1r18MAB,a0JQ8000005zotRMAQ
a0VQ800000M1r19MAB,a0JQ8000005zotSMAQ
a0VQ800000M1r1AMAR,a0JQ8000005zotTMAQ
a0VQ800000M1r1BMAR,a0JQ8000005zotUMAQ
a0VQ800000M1r1CMAR,a0JQ8000005zotVMAQ
a0VQ800000M1r1DMAR,a0JQ8000005zorrMAA
a0VQ800000M1r1EMAR,a0JQ8000005zotWMAQ
a0VQ800000M1r1FMAR,a0JQ8000005zotXMAQ
a0VQ800000M1r1GMAR,a0JQ8000005zotYMAQ
a0VQ800000M1r1HMAR,a0JQ8000005zotaMAA
a0VQ800000M1r1IMAR,a0JQ8000005zotbMAA
a0VQ800000M1r1JMAR,a0JQ8000005zotcMAA
a0VQ800000M1r1KMAR,a0JQ8000005zotdMAA
a0VQ800000M1r1LMAR,a0JQ8000005zoteMAA
a0VQ800000M1r1MMAR,a0JQ8000005zotfMAA
a0VQ800000M1r1NMAR,a0JQ8000005zotgMAA
a0VQ800000M1r1OMAR,a0JQ8000005zothMAA
a0VQ800000M1r1PMAR,a0JQ8000005zotiMAA
a0VQ800000M1r1QMAR,a0JQ8000005zotjMAA
a0VQ800000M1r1RMAR,a0JQ8000005zotkMAA
a0VQ800000M1r1SMAR,a0JQ8000005zotlMAA
a0VQ800000M4hEeMAJ,a0JQ8000006118HMAQ
a0VQ800000M4yTxMAJ,a0JQ800000613ObMAI
a0VQ800000M4zD7MAJ,a0JQ800000613gLMAQ
a0VQ800000M53WrMAJ,a0JQ800000501FlMAI
a0VQ800000MD55FMAT,a0JQ80000063lLVMAY
a0VQ800000MT4ZpMAL,a0JQ800000682UDMAY
a0VQ800000MTL7dMAH,a0JQ8000005zorVMAQ
a0VQ800000MTL7eMAH,a0JQ8000005zorZMAQ
a0VQ800000MTL7fMAH,a0JQ8000005zoriMAA
a0VQ800000MTL7gMAH,a0JQ8000005zosBMAQ
a0VQ800000MTL7hMAH,a0JQ8000005zosUMAQ
a0VQ800000MTL7iMAH,a0JQ8000005zosiMAA
a0VQ800000MTUndMAH,a0JQ8000005zorUMAQ
a0VQ800000Mp9arMAB,a0JQ8000006Fw53MAC
a0VQ800000MxgcrMAB,a0JQ8000006JJt7MAG
a0VQ800000My6AjMAJ,a0JQ8000006JQ3OMAW
a0VQ800000N6X8vMAF,a0JQ8000006MpRpMAK
a0VQ800000N6X8wMAF,a0JQ8000006MpRqMAK
a0VQ800000N6X8xMAF,a0JQ8000006MpRrMAK
a0VQ800000N6YD3MAN,a0JQ8000006MphxMAC
a0VQ800000Nj03RMAR,a0JQ8000006YLkvMAG
a0VQ800000Nj03SMAR,a0JQ8000006YLkwMAG
a0VQ800000Nj03TMAR,a0JQ8000006YLkxMAG
a0VQ800000Nj03UMAR,a0JQ8000006YLkyMAG
a0VQ800000Nj03VMAR,a0JQ8000006YLkzMAG
a0VQ800000Nj03WMAR,a0JQ8000006YLl0MAG
a0VQ800000Nj03XMAR,a0JQ8000006YLl1MAG
a0VQ800000Nj03YMAR,a0JQ8000006YLl2MAG
a0VQ800000Ns0DxMAJ,a0JQ8000006aQADMA2
a0VQ800000Ns0DyMAJ,a0JQ8000006aQAEMA2
a0VQ800000OZr3dMAD,a0JQ8000006oz9hMAA
a0VQ800000OdAPwMAN,a0JQ8000006paMAMAY
a0VQ800000OdOCjMAN,a0JQ8000006pnMbMAI
a0VQ800000OfsWTMAZ,a0JQ8000006qH1JMAU
a0VQ800000Oul1dMAB,a0JQ8000006vJX7MAM
a0VQ800000Q9EMXMA3,a0JQ8000007Mt9tMAC
a0VQ800000Q9FgnMAF,a0JQ8000007MtMnMAK
a0VQ800000Q9cGnMAJ,a0JQ8000007N0T7MAK
a0VQ800000QZV0MMAX,a0JQ8000007XBezMAG
a0VQ800000QZd5xMAD,a0JQ8000007XBjpMAG
a0VQ800000QZd9BMAT,a0JQ8000007XBlRMAW
a0VQ800000RQ8wrMAD,a0JQ8000007rKZFMA2
a0VQ800000RRCOvMAP,a0JQ8000007rnD3MAI
a0VQ800000Ri6zpMAB,a0JQ8000007z1PlMAI
a0VQ800000S8dTtMAJ,a0JQ80000089cB7MAI
a0VQ800000S8dX7MAJ,a0JQ80000089c6IMAQ
a0VQ800000S8dYjMAJ,a0JQ80000089cCjMAI
a0VQ800000SKepBMAT,a0JQ8000008FXVKMA4
a0VQ800000SL9L7MAL,a0JQ8000008FlV3MAK
a0VQ800000SPM21MAH,a0JQ8000008HSuXMAW
a0VQ800000SY5I5MAL,a0JQ8000008KqYvMAK
a0VQ800000SY5I6MAL,a0JQ8000008KqYwMAK
a0VQ800000SjFsSMAV,a0JQ8000008OFVxMAO
a0VQ800000SjJxdMAF,a0JQ8000008OFHRMA4
a0VQ800000SlH26MAF,a0JQ8000008PCz3MAG
a0VQ800000TD1wrMAD,a0JQ8000008WMnBMAW
a0VQ800000TD1wsMAD,a0JQ8000008WMnCMAW
a0VQ800000TD1wtMAD,a0JQ8000008WMnDMAW
a0VQ800000Tl14nMAB,a0JQ8000008i0kTMAQ
a0VQ800000U6ZjNMAV,a0JQ8000008qMavMAE
a0VQ800000UXCqmMAH,a0JQ8000009Dt37MAC
a0VQ800000VJgZaMAL,a0JQ8000009WLQjMAO
a0VQ800000VJgZbMAL,a0JQ8000009WLQkMAO
a0VQ800000VJgZcMAL,a0JQ8000009WLQlMAO
a0VQ800000VzMkvMAF,a0JQ8000009opQLMAY